hid,reason
6654,"Length mismatch (Expected 287, got 278)"
6912,"Length mismatch (Expected 287, got 282)"
7599,Minimal PV peak power
7682,"Length mismatch (Expected 287, got 187)"
8172,Minimal PV peak power
8626,"Length mismatch (Expected 287, got 106)"
10168,"Length mismatch (Expected 287, got 282)"
10298,"Length mismatch (Expected 287, got 0)"
10348,"Length mismatch (Expected 287, got 108)"
10358,"Length mismatch (Expected 287, got 54)"
10366,Minimal PV peak power
10367,Minimal PV peak power
10472,"Length mismatch (Expected 287, got 283)"
10498,Minimal PV peak power
10514,"Length mismatch (Expected 287, got 39)"
10606,"Length mismatch (Expected 287, got 93)"
10614,"Length mismatch (Expected 287, got 44)"
10657,Minimal PV peak power
10762,Minimal PV peak power
10797,"Length mismatch (Expected 287, got 110)"
10844,"Length mismatch (Expected 287, got 166)"
11027,"Length mismatch (Expected 287, got 283)"
11109,Minimal PV peak power
11201,"Length mismatch (Expected 287, got 134)"
11234,"Length mismatch (Expected 287, got 0)"
11328,Minimal PV peak power
11427,Minimal PV peak power
11445,"Length mismatch (Expected 287, got 0)"
11478,Minimal PV peak power
11546,"Length mismatch (Expected 287, got 141)"
11637,"Length mismatch (Expected 287, got 285)"
11659,Minimal PV peak power
11720,Minimal PV peak power
11923,"Length mismatch (Expected 287, got 147)"
11948,"Length mismatch (Expected 287, got 232)"
11965,"Length mismatch (Expected 287, got 280)"
11989,"Length mismatch (Expected 287, got 282)"
11991,Minimal PV peak power
12007,"Length mismatch (Expected 287, got 229)"
12083,Minimal PV peak power
12113,Minimal PV peak power
12262,"Length mismatch (Expected 287, got 100)"
12280,Minimal PV peak power
12328,"Length mismatch (Expected 287, got 277)"
12375,"Length mismatch (Expected 287, got 249)"
12383,"Length mismatch (Expected 287, got 141)"
12444,"Length mismatch (Expected 287, got 151)"
12450,"Length mismatch (Expected 287, got 208)"
12460,"Length mismatch (Expected 287, got 273)"
12530,"Length mismatch (Expected 287, got 107)"
12543,"Length mismatch (Expected 287, got 248)"
12637,"Length mismatch (Expected 287, got 102)"
12658,"Length mismatch (Expected 287, got 110)"
12682,"Length mismatch (Expected 287, got 0)"
12689,"Length mismatch (Expected 287, got 105)"
12693,"Length mismatch (Expected 287, got 102)"
12728,"Length mismatch (Expected 287, got 106)"
12741,"Length mismatch (Expected 287, got 6)"
12802,"Length mismatch (Expected 287, got 61)"
12840,"Length mismatch (Expected 287, got 36)"
12855,"Length mismatch (Expected 287, got 11)"
12878,"Length mismatch (Expected 287, got 0)"
